{
  "elapsed_seconds": 0.04674015403725207,
  "latency_ms_max": 6.445241975598037,
  "latency_ms_mean": 5.831260408740491,
  "latency_ms_min": 5.411811056546867,
  "latency_ms_p50": 5.782431049738079,
  "latency_ms_p95": 6.345827609766275,
  "mebibytes_per_second": 342.31808451568094,
  "megapixels_per_second": 179.47326389455733,
  "samples": 8,
  "samples_per_second": 171.15904225784047,
  "total_bytes": 16777216,
  "total_pixels": 8388608,
  "unique_source_files": 1,
  "warmup_samples": 2
}