{
  "batch_latency_ms_mean": 94.82375398511067,
  "batch_latency_ms_p95": 115.98894415074028,
  "batch_size": 64,
  "device": "cuda",
  "device_name": "NVIDIA GeForce RTX 3090",
  "elapsed_seconds": 0.1897061199415475,
  "embedding_dim": 128,
  "max_memory_mib": 296.8701171875,
  "samples": 96,
  "samples_per_second": 506.04587785349065
}