{
  "gallery_count": 96,
  "gallery_splits": [
    "val",
    "test"
  ],
  "mean_reciprocal_rank": 0.19541311487355542,
  "positive_key": "scene_id",
  "queries_evaluated": 96,
  "query_count": 96,
  "query_splits": [
    "val",
    "test"
  ],
  "recall_at_1": 0.13541666666666666,
  "recall_at_10": 0.3020833333333333,
  "recall_at_5": 0.22916666666666666
}