{
  "elapsed_seconds": 0.27828395494725555,
  "embed_latency_ms_mean": 7.833046845917124,
  "embed_latency_ms_p95": 8.430416433839127,
  "embedding_dim": 176,
  "read_latency_ms_mean": 8.621261629741639,
  "read_latency_ms_p95": 14.175432530464604,
  "samples": 16,
  "samples_per_second": 57.49523001795973,
  "total_latency_ms_mean": 17.35771152743837,
  "total_latency_ms_p95": 23.715187155175954,
  "transform_latency_ms_mean": 0.9025699182529934,
  "transform_latency_ms_p95": 1.6050452250055969
}